Workbook

Sheet WBS
A1: OnDol 플랫폼 — WBS (Work Breakdown Structure)
A2: 추정 단위: XS=0.5d · S=1d · M=2.5d · L=5d · XL=7d | 우선순위: P0(MVP필수)·P1(권장)·P2(차기) | v1.0 / 2026-06-13
A4: Phase | B4: WBS ID | C4: 작업명 | D4: 산출물 / API 연동 | E4: 공수(코드) | F4: 공수(일) | G4: 우선순위 | H4: Phase 명 | I4: 세부사항
A5: 0 | B5: 0.1 | C5: Git 저장소 초기화 + .gitignore + README | D5: 빈 저장소 | E5: XS | F5: 0.5 | G5: P0 | H5: 프로젝트 셋업 | I5: 모노레포 Git 저장소 초기화. .gitignore(node_modules·.env·빌드 산출물·.expo), README에 서비스 개요·로컬 실행법·환경 구성 명시. 참고: CLAUDE.md(하네스 정의)
A6: 0 | B6: 0.2 | C6: 기술 스택 확정 문서 작성 | D6: docs/tech-stack.md | E6: S | F6: 1 | G6: P0 | H6: 프로젝트 셋업 | I6: 프론트(Next.js App Router)·모바일(Expo RN)·백엔드(Supabase/bkend.ai)·DB(PostgreSQL+RLS) 스택 확정 및 근거 문서화. 참고: docs/02-data-specification.md, docs/03-erd.md
A7: 0 | B7: 0.3 | C7: Next.js(App Router) 프로젝트 부팅 | D7: apps/web | E7: S | F7: 1 | G7: P0 | H7: 프로젝트 셋업 | I7: apps/web 에 Next.js App Router 프로젝트 부팅(라우팅·서버컴포넌트 구조). 참고: docs/06-information-architecture.md §4 반응형 웹 IA
A8: 0 | B8: 0.4 | C8: React Native(Expo) 프로젝트 부팅 | D8: apps/mobile | E8: S | F8: 1 | G8: P0 | H8: 프로젝트 셋업 | I8: apps/mobile 에 Expo 기반 RN 앱 부팅(네비게이션 스택·탭). 참고: docs/06-information-architecture.md §5 모바일 앱 IA
A9: 0 | B9: 0.5 | C9: Supabase 프로젝트 생성 + 환경변수 분리 | D9: .env.{dev,stg,prod} | E9: S | F9: 1 | G9: P0 | H9: 프로젝트 셋업 | I9: Supabase 프로젝트 생성 후 dev/stg/prod 3환경 분리(.env.dev/.stg/.prod). 키·URL 환경변수화. 참고: docs/03-erd.md §RLS 정책 요약
A10: 0 | B10: 0.6 | C10: bkend.ai BaaS 연동 | D10: lib/supabase.ts | E10: S | F10: 1 | G10: P0 | H10: 프로젝트 셋업 | I10: bkend.ai BaaS(또는 Supabase 직접) 클라이언트 래퍼 구현 — 인증·DB·스토리지 SDK 초기화. 참고: docs/02-data-specification.md §1 테이블 목록, bkit:bkend-quickstart 스킬
A11: 0 | B11: 0.7 | C11: TypeScript 컨벤션 + ESLint + Prettier | D11: .eslint.json | E11: XS | F11: 0.5 | G11: P0 | H11: 프로젝트 셋업 | I11: TypeScript strict + ESLint + Prettier 규칙 정립(AI 협업용 코딩 컨벤션). 참고: bkit:phase-2-convention 스킬
A12: 0 | B12: 0.8 | C12: 폴더 구조 컨벤션 문서 | D12: docs/structure.md | E12: XS | F12: 0.5 | G12: P0 | H12: 프로젝트 셋업 | I12: 도메인 기반 폴더 구조(features/·lib/·components/·app/) 컨벤션 문서화.
A13: 0 | B13: 0.9 | C13: 모노레포(pnpm workspaces) | D13: pnpm-workspace.yaml | E13: S | F13: 1 | G13: P1 | H13: 프로젝트 셋업 | I13: pnpm workspaces 로 web·mobile·shared(타입·API 클라이언트·검증 스키마) 패키지 공유 구성.
A14: 0 | B14: 0.10 | C14: Vercel/Render 배포 환경 셋업 | D14: deploy config | E14: S | F14: 1 | G14: P1 | H14: 프로젝트 셋업 | I14: Vercel(웹)·EAS/Render(모바일·서버) 배포 환경 사전 셋업. 참고: docs/08-wbs.md §19 CI/CD
A15: 0 | B15: 0.11 | C15: 에러 모니터링(Sentry) 연동 | D15: sentry config | E15: S | F15: 1 | G15: P1 | H15: 프로젝트 셋업 | I15: Sentry 연동 — 웹·모바일·서버 런타임 에러 트래킹 및 소스맵 업로드.
A16: 0 | B16: 0.12 | C16: i18n 셋업 | D16: i18n config | E16: S | F16: 1 | G16: P2 | H16: 프로젝트 셋업 | I16: i18n 셋업(한국어 기본, 영어 차기 릴리스). 참고: docs/07-design-system.md §2 타이포그래피(Pretendard)
... A385: 19 | B385: 19.3.5 | C385: GDPR/개인정보보호법 응대 워크플로우 | D385: — | E385: M | F385: 2.5 | G385: P0 | H385: CI/CD·배포 | I385: GDPR/개인정보보호법 응대 워크플로우(데이터 열람·삭제 요청).
C386: 합계 | E386: =COUNTA(B5:B385) | F386: =SUM(F5:F385)

Sheet Gantt_Chart
A1: OnDol 플랫폼 — Gantt Chart (16주 / 5인 팀)
A2: 작업수·공수(일)는 WBS 시트와 COUNTIF/SUMIF 수식으로 자동 연계됩니다. ● 막대 = 진행 기간(주차)
H3: 1개월차 | L3: 2개월차 | P3: 3개월차 | T3: 4개월차
A4: Phase | B4: Phase 명 | C4: 작업수 | D4: 공수(일) | E4: 시작주 | F4: 종료주 | G4: 기간(주) | H4: 1 | I4: 2 | J4: 3 | K4: 4 | L4: 5 | M4: 6 | N4: 7 | O4: 8 | P4: 9 | Q4: 10 | R4: 11 | S4: 12 | T4: 13 | U4: 14 | V4: 15 | W4: 16
A5: 0 | B5: 프로젝트 셋업 | C5: =COUNTIF(WBS!$A$5:$A$385,$A5) | D5: =SUMIF(WBS!$A$5:$A$385,$A5,WBS!$F$5:$F$385) | E5: 1 | F5: 2 | G5: =$F5-$E5+1
A6: 1 | B6: DB 스키마 + RLS | C6: =COUNTIF(WBS!$A$5:$A$385,$A6) | D6: =SUMIF(WBS!$A$5:$A$385,$A6,WBS!$F$5:$F$385) | E6: 2 | F6: 4 | G6: =$F6-$E6+1
A7: 2 | B7: 인증 (Auth) | C7: =COUNTIF(WBS!$A$5:$A$385,$A7) | D7: =SUMIF(WBS!$A$5:$A$385,$A7,WBS!$F$5:$F$385) | E7: 4 | F7: 6 | G7: =$F7-$E7+1
A8: 3 | B8: 사용자·당사자·매핑 | C8: =COUNTIF(WBS!$A$5:$A$385,$A8) | D8: =SUMIF(WBS!$A$5:$A$385,$A8,WBS!$F$5:$F$385) | E8: 5 | F8: 7 | G8: =$F8-$E8+1
A9: 4 | B9: 권한 관리 | C9: =COUNTIF(WBS!$A$5:$A$385,$A9) | D9: =SUMIF(WBS!$A$5:$A$385,$A9,WBS!$F$5:$F$385) | E9: 6 | F9: 8 | G9: =$F9-$E9+1
A10: 5 | B10: 기록 (Records) | C10: =COUNTIF(WBS!$A$5:$A$385,$A10) | D10: =SUMIF(WBS!$A$5:$A$385,$A10,WBS!$F$5:$F$385) | E10: 7 | F10: 12 | G10: =$F10-$E10+1
A11: 6 | B11: 자기표현 | C11: =COUNTIF(WBS!$A$5:$A$385,$A11) | D11: =SUMIF(WBS!$A$5:$A$385,$A11,WBS!$F$5:$F$385) | E11: 9 | F11: 10 | G11: =$F11-$E11+1
A12: 7 | B12: 파일 첨부 | C12: =COUNTIF(WBS!$A$5:$A$385,$A12) | D12: =SUMIF(WBS!$A$5:$A$385,$A12,WBS!$F$5:$F$385) | E12: 9 | F12: 10 | G12: =$F12-$E12+1
A13: 8 | B13: 이정표·타임라인 | C13: =COUNTIF(WBS!$A$5:$A$385,$A13) | D13: =SUMIF(WBS!$A$5:$A$385,$A13,WBS!$F$5:$F$385) | E13: 10 | F13: 12 | G13: =$F13-$E13+1
A14: 9 | B14: 인수인계 | C14: =COUNTIF(WBS!$A$5:$A$385,$A14) | D14: =SUMIF(WBS!$A$5:$A$385,$A14,WBS!$F$5:$F$385) | E14: 11 | F14: 13 | G14: =$F14-$E14+1
A15: 10 | B15: 알림 | C15: =COUNTIF(WBS!$A$5:$A$385,$A15) | D15: =SUMIF(WBS!$A$5:$A$385,$A15,WBS!$F$5:$F$385) | E15: 11 | F15: 13 | G15: =$F15-$E15+1
A16: 11 | B16: 접근 로그 | C16: =COUNTIF(WBS!$A$5:$A$385,$A16) | D16: =SUMIF(WBS!$A$5:$A$385,$A16,WBS!$F$5:$F$385) | E16: 12 | F16: 13 | G16: =$F16-$E16+1
... A24: 19 | B24: CI/CD·배포 | C24: =COUNTIF(WBS!$A$5:$A$385,$A24) | D24: =SUMIF(WBS!$A$5:$A$385,$A24,WBS!$F$5:$F$385) | E24: 15 | F24: 16 | G24: =$F24-$E24+1
B25: 합계 | C25: =SUM(C5:C24) | D25: =SUM(D5:D24)
A27: 범례 | B27: 막대 = 해당 Phase 진행 주차 / 색상 = Phase 고유색
B28: ※ 일정은 의존성 차트(부록 A) + 5인 병렬 작업 기준 추정. 팀 상황에 따라 조정.
